{"train_loss":0.34958582520484927,"_wandb":{"runtime":77},"train/epoch":5,"train/learning_rate":0,"_timestamp":1.733105759599607e+09,"train_samples_per_second":2.791,"_step":2,"train_runtime":62.6939,"train/loss":0.3431,"train/global_step":5,"total_flos":1.424788291584e+12,"_runtime":61.749119076,"train_steps_per_second":0.08}